queda,45341,8
adormecer,45344,8
sossegado,45255,5
resolutas,45342,8
aliás,45343,8
poltronas,45342,8
a fim,45355,8
providenciar,45262,7
sugeri,45342,8
desfrutar do luxo,45342,8
administrar,45349,8
o horário,45342,8
ocidentalizados,45342,8
sesta,45342,8
entrar em choque,45342,8
desprezer,45308,7
noitada,45342,8
reinício,45342,8
dando tudo de si,45342,8
você se safou,45281,7
reprimido,45348,8
estalo,45349,8
pairar,45355,8
destravanquer,45342,8
embriagado,45355,8
panturrilha,45378,8
milésimos,45342,8
educadamente,45342,8
adotar,45342,8
esbaforidos,45252,7
afiados,45342,8
compromissos,45255,5
enxotar,45272,6
truncado,45313,7
sutis,45349,8
associar,45266,7
privando,45252,7
funcionários,45344,8
uma natação,45349,8
valorizar,45255,5
demasiado,45281,7
combustível,45255,5
dentadas em uma torrada,45344,8
revirar os olhos,45344,8
e assim por diante,45349,8
inundar,45284,7
veneziana,45255,5
juízo,45349,8
âncora,45255,5
esparadrapo,45371,8
um passo além,45263,7
trajeto,45344,8
vias áreas,45345,8
dilatador,45345,8
espécie,45345,8
classificação,45345,8
se deita,45281,7
alongamento,45371,8
ergométrica,45345,8
saudação,45343,8
ioga,45345,8
quarteirão,45343,8
adiante,45278,6
rabiscando,45313,7
afazeres,45344,8
abordando,45345,8
há pouco,45371,8
digerir,45343,8
devanear,45314,7
compõem,45281,7
equação,45281,7
ruídos,45343,8
pipocar,45345,8
desatravancar,45258,7
o que me resta fazer,45282,7
ênfase,45343,8
o abajur,45343,8
se revirar,45355,8
no cômodo,45343,8
que tal uma vela,45343,8
predominar,45343,8
arrancá-lo,45305,7
se enroscar,45343,8
edredom,45343,8
certifique,45343,8
lógico,45345,8
superar,45344,8
plena,45343,8
sua ida,45378,8
natação,45347,8
exercitar,45343,8
destravar,45255,5
assinaturas,45347,8
rascunho,45344,8
recolher,45344,8
impuser,45351,8
dispositivos,45255,5
plenamente,45347,8
sede,45344,8
saltar,45344,8
fingir,45347,8
pretendo,45378,8
inibirar,45347,8
por que diabos,45347,8
arrasado,45254,7
inquieto,45351,8
atual,45344,8
em disparada,45255,5
meter,45253,4
implacável,45283,7
chutes,45345,8
faixa,45345,8
contagem,45345,8
em torno,45345,8
encaixar,45262,5
destravado,45378,8
empoderador,45255,5
curto prazo,45347,8
ampla,45345,8
uma amostra,45345,8
isoladamente,45347,8
remoer,45256,4
alcançadas,45355,8
mensuráveis,45347,8
largar,45345,8
viável,45347,8
rever,45345,8
aconselhável,45347,8
requerer,45371,8
roncando,45347,8
um padrão,45281,7
desperdício,45347,8
o quanto antes,45258,7
torcemos,45255,5
escorrega,45378,8
sonâmbulos,45345,8
descemos,45282,7
á medida,45282,7
desacelera,45347,8
alucinação,45254,4
de repente,45355,8
na passagem,45355,8
ao acaso,45355,8
armario,45262,5
enxergam,45308,7
tripulações,45258,4
decorrer,45281,7
diretrizes,45371,8
malhação,45379,8
hercúleo,45348,8
setor,45348,8
contaproducente,45348,8
basta,45348,8
ora,45348,8
suposta sapiência,45355,8
duradouras,45355,8
redondo,45355,8
provocação,45348,8
endurecem,45272,6
palpitações,45348,8
tolice,45371,8
lesão prolongada,45371,8
contudo,45272,6
imprensa,45257,4
comunicado,45272,6
redigir,45258,7
cotidiano,45348,8
tuítes,45371,8
acampamento,45267,7
trata,45349,8
vestiários,45371,8
vencer,45371,8
vício,45371,8
a longo prazo,45473,9
poupar,45371,8
legiões,45371,8
desregrado,45311,7
coado,45371,8
sombra,45355,8
viciante,45348,8
prejudicial,45350,8
chiclete,45349,8
entretanto,45371,8
velocista,45348,8
largada,45253,7
reforço,45348,8
resistência,45350,8
potencializadora,45348,8
um fuso horário,45348,8
estreia,45255,5
rastejar,45349,8
pouquíssimas,45348,8
costuma,45258,4
vespertino,45348,8
ao passo que,45378,8
matutino,45255,5
cotovias,45255,5
quicando,45348,8
o cesto,45348,8
prorrogação,45313,7
arremessar,45348,8
derradeiros,45348,8
rachar,45349,8
muralhas,45253,7
fará,45350,8
arrastava,45281,7
auge,45350,8
jogar os dados,45255,5
o técnico,45350,8
os desafiadores,45350,8
encharcados,45348,8
ensurdecedor,45472,9
multidão,45348,8
meros,45350,8
dirá,45350,8
cadência,45350,8
turno,45253,3
suprimirá,45267,7
fuso,45255,5
remar,45284,7
derrame,45378,8
agudo,45349,8
malhar,45351,8
lotado,45349,8
suprimidos,45306,7
descompassa,45253,2
gráfico,45349,8
desencadeia,45255,5
má,45351,8
comprimento,45253,2
suplanta,45255,5
iluminar,45255,5
dinamiza,45349,8
sonolentos,45306,7
fôlego,45351,8
contornar,45378,8
despertos,45262,5
despejar,45268,7
latir,45352,8
cães,45352,8
arraigados,45351,8
dicas,45255,7
evoluiu,45352,8
síntese,45352,8
enraizado,45355,8
apressado,45258,4
coleta,45306,7
bexiga,45306,7
metida,45254,7
acendemos,45306,7
o sol se põe,45351,8
ondulante,45353,8
inveja,45255,5
posses,45351,8
bufar,45353,8
às pressas,45351,8
desjejum,45256,7
estroboscópica,45256,7
noite adentro,45351,8
diversas,45256,7
repleto,45352,8
puxado,45378,8
padrão,45353,8
estafa,45306,7
marinheiros,45353,8
apanha,45281,7
despertador,45353,8
circadiano,45353,8
aconchegante,45378,8
truques,45353,8
freio,45351,8
ânimo,45353,8
sensatez,45355,8
virose,45262,5
perícia,45258,7
etiqueta,45256,7
ensacadas,45352,8
mola,45257,7
hipoteca,45355,8
superfície,45352,8
saudar,45352,8
parceiro,45354,8
tocamos a vida,45354,8
seres,45352,8
eficaz,45262,5
desmaiando,45262,5
interessa,45354,8
compromisso,45311,7
delineado,45257,6
cabeceira,45355,8
abordo,45306,7
lares,45355,8
empregadores,45355,8
cargo,45306,7
desmaiar,45480,9
iniciados,45258,7
empreendimento,45355,8
o bastante,45355,8
esmoreceu,45281,7
impunham,45355,8
proporcionar,45355,8
luxuosas,45355,8
promover,45355,8
consumidores,45355,8
vias,45355,8
fornecando,45355,8
gestão,45258,7
provocar,45262,5
colchão,45355,8
lesão,45355,8
desempenho,45355,8
acaso,45355,8
abordagem,45355,8
distúrbio,45355,8
soníferos,45258,7
folga,45355,8
impunes,45258,4
até meados,45262,5
holofote,45371,8
em si,45355,8
padrões,45355,8
subestimamos,45355,8
torcia,45355,8
desperdice,45355,8
cronotipo,45355,8
ediçao,45355,8
apoio,45355,8
chocou,45355,8
desafiou,45355,8
assober,45253,2
largata,45378,8
fugaz,45371,8
dádiva,45355,8
remonte,45253,2
coçar,45378,8
empoleiravam,45313,7
vislumbre,45355,8
sequer,45371,8
arrepio,45259,6
camada,45371,8
o golpe,45355,8
gargalha,45371,8
agarrou,45355,8
esfregou,45371,8
surda,45357,8
endireitou,45371,8
gerar,45378,8
reivindicar,45258,7
pomada,45355,8
misericórdia,45355,8
persuadir,45357,8
elogiar,45355,8
pálida,45355,8
um chumbo,45355,8
derritido,45281,7
inundação,45355,8
sucumbiram,45371,8
flacido,45262,7
rodopiante,45314,7
austera,45355,8
pesadelo,45357,8
debilmente,45260,7
emaranhado,45378,8
rezou,45357,8
peneria,45252,2
romperam,45371,8
espuma,45358,8
cacos,45283,7
deslizar,45371,8
salto,45378,8
esfarrapadas,45258,4
varridos,45358,8
convocação,45355,8
debatia,45261,7
ceder,45358,8
implicaveis,45272,6
balançou,45281,7
cegando,45358,8
endurecida,45358,8
espiou,45358,8
pavor,45357,8
saudou,45262,5
represa,45371,8
beliscando,45371,8
prado,45355,8
mergulhar,45259,7
arranhar,45355,8
massa de fogo,45355,8
varrer,45355,8
tortuosas,45355,8
baque,45355,8
estrondo,45273,6
desastroso,45358,8
gemeu,45253,2
mortais,45262,5
aves,45355,8
defensores,45261,7
vislumbrar,45358,8
tempestade,45261,7
espreitar,45258,7
envenenou,45358,8
adaga,45355,8
esbugalhados,45266,7
morcego,45357,8
telhado,45371,8
estremeceu,45281,7
lentos,45371,8
temer,45371,8
redondos,45263,7
corça,45314,7
padronizadas,45371,8
maligno,45371,8
adornasse,45371,8
emaranhado de ramos frágeis,45371,8
sacudiu,45253,2
agradou,45281,7
íngremes,45258,4
subjugar,45258,4
enxurrada,45378,8
feras,45371,8
curral,45371,8
camadas,45371,8
indomado,45371,8
portentos,45314,7
augúrio,45262,7
zombaria,45371,8
escurdo,45378,8
desperdiçar,45371,8
trará,45371,8
travou,45258,4
encrenqueira,45308,7
febre,45371,8
leito do riacho,45258,4
pedregulho,45258,4
lacuna,45371,8
desviar,45378,8
proferindo,45313,7
crista,45371,8
isca,45371,8
gansos,45371,8
aprisionar,45371,8
barragem,45371,8
orla,45371,8
avidez,45371,8
precipitada,45252,2
peregrina,45265,7
advertira,45258,4
palha seca,45371,8
fileira,45371,8
grunhido,45267,7
rosnado,45378,8
balido do gado,45371,8
ultrajado,45265,7
espantar,45255,5
vespas,45378,8
vassouras,45258,4
bengala,45378,8
atrair,45371,8
fama,45371,8
brasões,45378,8
caçar,45259,7
fértil,45371,8
legado,45379,8
proeza,45313,7
represa afiada,45378,8
peregrinação,45255,5
ligada,45378,8
intransigente,45267,7
cedeu,45268,7
armadilha,45313,7
batedor,45371,8
mordedou,45378,8
risadas,45378,8
forasteiro,45378,8
reivindicação,45258,4
zombou,45262,6
reivindicou,45371,8
emaranhados,45371,8
vagando,45378,8
gota,45378,8
golpasse,45378,8
umidade,45253,2
mancar,45314,7
esticado,45259,7
mordia,45371,8
curandeiro,45379,8
detivesse,45281,7
despertasse,45281,7
punhal,45314,7
muleta,45379,8
galhou,45379,8
abismo,45371,8
o assombro,45255,5
cajado,45379,8
arrastou,45379,8
matagal,45314,7
checou,45371,8
agarrar,45281,7
afogando,45312,7
rosnou,45269,7
raster,45255,6
apressados,45379,8
camundongos,45258,4
javali,45371,8
trançando,45371,8
tronco,45379,8
detida,45371,8
estonteante,45379,8
aperto,45281,7
escuridão,45314,7
fulminante,45379,8
vacilou,45254,7
envolveu,45379,8
palpável,45379,8
fenda,45379,8
cambelou,45285,7
sussur,45379,8
cego,45379,8
balançar,45379,8
selo,45379,8
cascalho,45257,6
espalhados,45379,8
rachadura,45253,6
lajes,45379,8
blindada,45257,6
disparou,45379,8
esteira,45379,8
esfregando,45379,8
cervos,45379,8
disfarçar,45379,8
lama,45281,7
esparsa,45272,6
trapos,45314,7
almíscar,45314,7
espessa,45314,7
dobra,45253,2
penhasco,45252,1
amedrontados,45257,6
galhos,45281,7
se remexer,45379,8
entretendo,45281,7
parcimônia,45379,8
pingava,45252,1
suor,45314,7
afloramentos,45252,1
encolhido,45379,8
aglomerado,45379,8
sulcos,45379,8
protuberâncias,45258,7
arbustos,45379,8
desfrutar,45379,8
musgo,45314,7
barranco,45379,8
pálpebra,45379,8
golpe,45379,8
fracasso,45257,7
agindo,45379,8
empolgação,45314,7
afiar,45379,8
tiras,45258,7
unguento,45379,8
ameno,45256,7
derreter,45314,7
distintivos,45379,8
sarassem,45314,7
espancado,45379,8
devorador,45379,8
santuário,45252,1
aguçados,45272,6
razoável,45281,7
ameaça,45379,8
uma toca,45314,7
esmagados,45379,8
farejar,45379,8
desgastados,45379,8
barraca,45261,7
agachada,45379,8
calafrio,45379,8
façanha,45312,7
cumes,45306,7
subidas íngremes,45379,8
portanto,45272,6
caçadas,45281,7
túmulo de brasas,45252,1
alheio,45379,8
tolo,45379,8
escancarou,45262,5
odiado,45379,8
suavizassem,45315,7
ameaçado,45342,8
nojento,45379,8
retorcida,45379,8
pira,45379,8
vascular,45342,8
fuligem,45311,7
palha,45281,7
danos,45281,7
aldeia,45344,8
covarde,45343,8
corrigi-lo,45262,7
incomodar,45281,7
restos,45344,8
depressa,45344,8
agir,45344,8
afiaram as laminas,45344,8
corniso,45281,7
mudas,45312,7
escultor,45281,7
reuniram,45379,8
propósito,45379,8
juramento,45281,7
rabo,45379,8
enfio,45379,8
crepúsculo,45252,1
labaredas,45255,7
retorcidas,45344,8
fileiras,45255,5
incêndios,45379,8
rebanhos,45281,7
bênção,45344,8
porém,45344,8
brotaram,45379,8
azulado,45344,8
alcançar,45344,8
ranger os dentes,45344,8
sacudir,45281,7
estrondosa,45306,7
gargalhada,45255,5
membros,45344,8
percorrer,45255,5
calafrios,45344,8
arado,45308,7
destemido,45281,7
desafios,45344,8
porrete,45281,7
rondando,45379,8
faminto,45344,8
leveza,45281,7
alívio,45379,8
uivo,45282,7
esmagou,45281,7
perecer,45314,7
poupado,45281,7
gado,45347,8
alcance,45379,8
aborrecer,45347,8
capazes,45347,8
lâmina,45347,8
pisoteava,45265,7
machado,45255,5
lança,45347,8
arco,45347,8
dentada,45347,8
cauda,45282,7
varredura,45257,4
colinas,45282,7
polido,45282,7
osso,45347,8
congeladas,45347,8
covil,45379,8
riacho,45255,5
pousava,45379,8
veludo,45282,7
o vale,45347,8
sobrevoou,45313,7
verme,45347,8
aspereza,45267,7
retumbante,45314,7
enrolação,45314,7
couro,45347,8
aposentos,45272,6
tambor,45282,7
encolheu,45281,7
chifres,45347,8
ricochetear,45348,8
uma presa,45259,7
fígado,45379,8
grosseiro,45314,7
manto,45348,8
dignigar,45348,8
nuas,45379,8
tranças,45348,8
compridos,45272,6
canto,45348,8
permanecer,45255,5
brinde,45315,7
reunidos,45252,1
atraído,45348,8
enlutados,45257,4
cumpriu,45348,8
aspecto,45266,7
raciocínio,45379,8
desalinhado,45306,7
sombrio,45255,7
desabamentos,45253,7
endireitar,45284,7
borrão,45314,7
espantosa,45257,7
rolar,45252,7
piada,45252,7
súbita,45285,7
conter,45254,4
piscando,45252,7
abatidos,45252,7
puxar,45349,8
gemeram,45255,5
forjado,45252,7
rodeavam,45253,7
amassados,45315,7
jaziam,45473,9
encerrou,45281,7
cobertura,45315,7
chamuscar,45252,7
arderar,45349,8
tossiu,45252,7
desmaiado,45284,7
estridentes,45349,8
rangidos,45253,7
ousou,45252,7
vela,45349,8
vacilante,45260,7
muro,45349,8
encostou,45252,1
assentar,45252,6
placa,45255,5
flecha,45350,8
retas,45252,6
fendas,45285,7
estreita,45350,8
laje,45350,8
enterrados,45350,8
resgatar,45252,6
escombros,45257,6
cavando,45253,7
instável,45350,8
desmoronado,45272,6
trecho,45272,6
coro,45252,6
se acumulavam,45350,8
brotar,45350,8
erguer,45252,6
o cervo,45350,8
águia,45253,7
surpreendido,45350,8
almas,45350,8
cofre,45350,8
alados,45253,7
perturbar,45350,8
humilhante,45285,7
diante,45255,5
dourada,45281,7
arco-íris,45350,8
estreitas,45350,8
perfurando,45255,5
estrado,45255,5
chicotadas,45284,7
as profundezas,45350,8
armazenado,45350,8
escravizados,45350,8
empilhados,45350,8
picaretas,45255,5
feitiços,45350,8
lateral,45350,8
subir,45266,5
impulsionado,45253,7
reprovação,45255,7
meta,45253,7
cumprir,45350,8
anterior,45350,8
barris,45253,7
salão,45350,8
aceno,45350,8
cumprimentar,45350,8
fogeira,45253,7
tenda,45351,8
corda,45351,8
punhado,45269,7
chamas,45351,8
dezenas,45351,8
lareiras,45351,8
tapetes,45254,7
pendurado,45351,8
tapeçarias,45351,8
estandartes,45351,8
decorar,45311,7
amigável,45351,8
sendo,45351,8
alojamentos,45351,8
degraus,45351,8
mundano,45351,8
lidar,45351,8
queixar,45253,6
valia,45351,8
ciente,45351,8
aborrecido,45351,8
afastar,45351,8
focinho,45351,8
diversão,45306,7
traço,45253,6
engolir,45351,8
empurrar,45351,8
irromper,45351,8
lábios,45351,8
rugido,45351,8
soprar,45311,7
derramar,45262,6
frasco,45351,8
se craver,45351,8
prender,45257,4
esquentar,45254,7
pouser,45254,7
reluzentes,45255,7
garras,45352,8
deslumbrante,45352,8
girar,45352,8
manchas,45352,8
asas,45352,8
acolchoado,45352,8
remexer,45352,8
câmara,45352,8
uma pena,45255,7
empertigou,45262,7
solter,45352,8
relâmpago,45306,7
maldições,45352,8
vinco,45258,7
espada,45352,8
empolgante,45352,8
estressante,45352,8
cansaço,45352,8
embaçada,45352,8
grado,45352,8
franziu a testa,45352,8
furos,45352,8
abrigo,45352,8
inclinaçao,45352,8
leve,45352,8
assentamento,45352,8
se tornado,45352,8
houvera,45352,8
atendidos,45352,8
devido,45352,8
comerciantes,45352,8
porco-espinho,45352,8
aleatoria,45352,8
pois,45352,8
clã,45352,8
gemas,45352,8
sob,45255,7
estabelecer,45352,8
liderada,45352,8
verdejantes,45352,8
surpreendente,45352,8
pico,45352,8
terços,45352,8
de fato,45352,8
cauteloso,45352,8
selvagens,45352,8
errantes,45352,8
plano,45255,7
escarpas,45352,8
escamas,45352,8
cintilavar,45352,8
prateadas,45352,8
ondulada,45352,8
amarrotada,45352,8
lenta,45352,8
cordilheira,45255,7
resquício,45352,8
pedregosas,45352,8
laterais,45352,8
cume,45352,8
sopé,45352,8
ao redor,45352,8
trilha,45352,8
navios,45352,8
paisagem,45352,8
prata,45352,8
fita,45352,8
cercando,45352,8
varridas,45352,8
planícies,45352,8
raios,45352,8
deprimente,45352,8
suspir,45255,6
cobriar,45352,8
soltos,45352,8
pergaminhos,45352,8
pilhas,45352,8
suprimentos,45352,8
entregar,45352,8
alegar,45352,8
laços,45352,8
fortalecer,45352,8
anões,45352,8
pontada,45352,8
colhender,45352,8
garganta,45262,5
adocicar,45352,8
hidromel,45352,8
gole,45352,8
recostar,45352,8
apanhar,45259,6
cochilando,45255,7
provas,45256,7
cachimbo,45306,7
colo,45281,7
desgastada,45260,7
mito,45256,7
torno,45257,7
envelhecer,45353,8
maduro,45353,8
agregando,45257,7
fragmentados,45353,8
marasmo,45256,7
correios,45256,7
fortuito,45353,8
fornece,45353,8
pulmão,45256,7
entediados,45281,7
vacilando,45353,8
incessante,45353,8
domínios,45353,8
intervalo,45353,8
repartido,45255,5
rotulados,45308,7
malandros,45353,8
aos poucos,45255,5
privação,45353,8
ensacada,45353,8
torrar,45262,5
paletó,45257,7
grife,45256,7
quicar,45353,8
quantia,45353,8
às cegas,45353,8
armado,45281,7
prestes,45259,6
segundo dizem,45306,7
atualizada,45257,7
varejistas,45257,7
tecido,45354,8
atraente,45257,7
impeça,45272,6
corrida,45260,7
letras miúdas,45257,7
zagueiro,45257,7
chuteiras,45257,7
cirurgia,45354,8
derradeiro,45354,8
reconhecimento,45257,7
perfis,45354,8
quadris,45354,8
de bruços,45257,7
confundir,45354,8
supina,45354,8
dobrados,45262,5
traseiro,45311,7
mochila,45306,7
bens,45257,7
metidos,45354,8
agachamento,45306,7
articulações,45257,6
nítido,45312,7
mole,45312,7
dispendiosa,45306,7
calçar,45260,7
palmilhas,45281,7
travasseiro de pena,45355,8
recheado,45312,7
recheios,45306,7
fronha,45259,7
esmurrar,45259,6
vantagem,45355,8
decadente,45355,8
ostensiva,45306,7
ranheta,45260,7
coerência,45355,8
trajes,45259,6
portátil,45355,8
corredor,45355,8
envolvido,45355,8
abrigado,45355,8
projetada,45259,7
no selim,45260,7
a turma,45261,7
norteiam,45260,7
apegar,45262,6
ácaros,45265,7
recurso,45259,7
sob medida,45357,8
apelando,45357,8
montar,45255,5
após,45357,8
doar,45259,6
caridade,45260,7
vestuário,45306,7
dejetos,45257,4
abafado,45306,7
acolhedor,45308,7
renovador,45483,9
algodão,45262,7
egípcio,45252,4
usufruir,45261,7
caseiro,45262,7
ambiente,45261,7
imbatíveis,45358,8
exaurido,45261,7
abastecido,45263,7
móveis,45261,7
engenhocas,45263,7
santidade,45261,7
vestiário,45265,7
arrumadeira,45261,7
cueca,45262,7
desliza,45358,8
leque,45262,6
crina,45262,7
nesgas,45262,7
emoldurada,45262,7
xereta,45314,7
estante,45306,7
uma cômoda,45261,7
penteadeira,45306,7
luminárias,45257,6
pressa,45254,3
tomado,45261,7
abeto,45257,4
burburinho,45265,7
esquadrão,45262,6
páreo,45314,7
mira,45281,7
berrante,45263,7
sensata,45265,7
painéis,45371,8
importando,45371,8
anteceder,45265,7
atulhada,45272,6
um ditado,45262,7
azar,45262,7
primordial,45371,8
um retrato,45263,7
entes queridos,45262,7
seja lá,45263,7
acréscimo,45262,7
pelúcia,45263,7
repouso,45314,7
bicho,45371,8
uma dianteira,45265,7
embalagens,45265,7
estratosfera,45371,8
antemão,45263,7
duros feito pedra,45263,7
velejar,45281,7
caber,45265,7
tropeços,45272,6
tabagismo,45263,7
ressalva,45282,7
corrigir,45314,7
sensatos,45263,7
peru,45371,8
por conseguinte,45281,7
fartamente,45265,7
realizar,45314,7
almejar,45281,7
ávida,45272,6
recair,45263,7
pugilista,45263,7
louco,45371,8
péssima,45371,8
turvas,45306,7
pertinente,45263,7
sonho,45263,7
comprometar,45259,6
bosque,45265,7
vigésimo,45263,7
fatia,45281,7
almejada,45371,8
vigília,45371,8
semelhente,45371,8
decepcionante,45308,7
minorar,45265,7
pregar,45312,7
insone,45265,7
experimentar (3x),45371,8
carga,45371,8
hipnótico,45265,7
comprimidos,45272,6
dobrando,45265,7
moucos,45265,7
medicamentos,45258,4
tarja,45255,5
bálsamo,45265,7
pousei,45258,4
a barra,45265,7
jato,45265,7
aniquilados,45265,7
desmoronar,45265,7
puder,45371,8
antecipadamente,45314,7
quadrienais,45371,8
desabar,45266,7
sumir,45266,7
cambiantes,45282,7
se chocar,45266,7
inadequado,45283,7
diurno,45371,8
enganar,45306,7
precocemente,45371,8
padronizar,45371,8
vigor,45281,7
abastecer,45314,7
dúzia,45266,7
transtorno,45267,7
sazonal,45371,8
entardecer,45267,7
rajada,45255,5
atormenter,45371,8
no fim das contas,45371,8
plateia,45281,7
um torcedor,45267,7
marreta,45267,7
acertadamente,45266,7
batizada,45266,7
cronograma,45266,7
remontar,45371,8
no clima,45266,7
esgotados,45267,7
reles,45312,7
levantamento,45281,7
canhota,45266,7
debatendo,45371,8
foge,45254,6
estarão,45272,6
entocados,45311,7
sedutora,45311,7
entretenimento,45267,7
letiva,45281,7
destra,45258,4
artigo,45268,7
bolha,45268,7
canadenses,45371,8
decolar,45283,7
cura,45268,7
angulares,45371,8
arbítrio,45269,7
remissivo,45312,7
ficha,45371,8
órgãos de cobrança,45268,7
dívidas,45268,7
esbelta,45269,7
prontuário,45269,7
recinto,45268,7
mestrado,45269,7
possuidores,45268,7
assimilar,45268,7
estourar,45312,7
breu,45281,7
desamparada,45252,6
deprimida,45379,8
colapso,45311,7
arranjar,45269,7
esburacada,45269,7
maluca,45379,8
uma tal viagem,45379,8
anseios,45269,7
acentuada,45281,7
limiar,45269,7
balcão,45269,7
enxugar,45281,7
amarrar,45255,5
marqueteiros,45379,8
surger,45255,5
publicitário,45255,5
cerne,45281,7
deixas,45379,8
enfocar,45252,1
ensino médio,45379,8
incutir,45281,7
força de vontade,45252,1
cirurgião,45272,6
tais,45314,7
ocorrer,45379,8
insurreição,45379,8
alastrar,45252,1
tumultos,45281,7
exército,45281,7
ambulantes,45281,7
prefeito,45281,7
inchando,45281,7
entoar,45255,5
posto,45255,5
barraquinhas,45285,7
cuspindo,45281,7
girassol,45281,7
êxito,45306,7
caipira,45281,7
mecânica,45379,8
espessos,45315,7
formatura,45281,7
receoso,45253,4
contorcer,45255,5
desidratação,45281,7
cravar,45281,7
cefalorraquidiano,45281,7
sedoso,45281,7
agulha,45281,7
pingar,45379,8
conforme,45379,8
ofegante,45313,7
ileso,45281,7
nefasta,45281,7
conduzido,45306,7
doutorando,45281,7
atropelar,45255,5
gizes,45281,7
aguçado,45278,6
retribuir,45281,7
reter,45281,7
conceber,45315,7
gizes de cera,45306,7
esboçar,45281,7
relance,45255,5
perambular,45281,7
sumido,45281,7
campainha,45312,7
pinha,45255,5
quintal,45281,7
melados,45312,7
seiva,45281,7
catado,45313,7
avariado,45278,6
leigo,45255,5
bisturis,45281,7
brocas,45281,7
teia,45306,7
esclarecer,45281,7
marcha a ré,45281,7
nó,45281,7
sobrepostas,45281,7
cabeludo,45281,7
cogitar,45281,7
recipiente,45281,7
farejando,45281,7
recompensa,45281,7
sondas,45281,7
sentido horário,45312,7
retrovisores,45282,7
engatar,45255,5
para-choque,45282,7
sacar,45313,7
desenrolar,45255,5
uma vez que,45282,7
modo,45282,7
despender,45282,7
uma deixa,45255,5
pista,45282,7
miado,45313,7
engrenagem,45282,7
está apto,45255,5
pane,45257,4
sobrecarregado,45282,7
minúcia,45282,7
nojo,45282,7
contanto,45272,6
deram,45282,7
colou,45282,7
papelão,45306,7
desconcertado,45254,4
roteiro,45282,7
ríspido,45255,5
desarranjo,45313,7
ventania,45313,7
calçada,45313,7
despeito,45282,7
apertar,45282,7
alavancas,45282,7
enjoados,45306,7
jaula,45255,5
pretender,45282,7
desencadear,45283,7
concebido,45252,6
estreitar,45255,5
felpuda,45282,7
entediar,45255,5
advertência,45282,7
abarrotada,45278,6
fuçava,45255,5
guloseimas,45282,7
maca,45255,5
paparicar,45282,7
tropeçou,45282,7
saliência,45253,6
quadril,45313,7
recearam,45313,7
conciliado,45255,5
desprevenida,45255,5
puxa,45282,7
ele falecera,45282,7
agrário,45283,7
fracassado,45282,7
boato,45282,7
alardeando,45282,7
veementes,45282,7
disparado com armas,45282,7
grãos,45282,7
inchassem,45282,7
aveia,45282,7
pedagógico,45282,7
falência,45282,7
ações,45282,7
alastrou,45255,5
vangloriando,45282,7
gabaria,45284,7
a junta,45282,7
árida,45282,7
película,45282,7
bochecho,45282,7
deflagrar,45282,7
por toda parte,45282,7
prateleiras,45282,7
fundamentada,45255,5
conduzir,45282,7
outrora,45255,5
faturamento,45306,7
cinzeiro,45282,7
ampola,45282,7
suada,45282,7
mofada,45313,7
borrifo,45306,7
bolar,45282,7
maconha,45282,7
sede ( da empresa),45282,7
amaciante,45313,7
gambás,45282,7
borrifavam,45282,7
didáticos,45282,7
canil,45313,7
palpite,45311,7
engascou,45282,7
olfativo,45282,7
borrifada,45282,7
pertencente,45282,7
tranca,45255,5
semelhante,45282,7
gênero,45282,7
encostar,45311,7
sonda,45282,7
aguado,45282,7
colado,45285,7
caça-níqueis,45282,7
pãezinhos,45282,7
desenfreado,45314,7
momentânea,45282,7
proporciona,45282,7
capricho,45306,7
reiterado,45282,7
proveniente,45272,6
colcha lisa,45282,7
palestra,45308,7
palcos,45282,7
destaque,45314,7
apoiou,45282,7
narrar,45282,7
vangloriado,45314,7
gabado,45282,7
apinhar,45311,7
ardida,45255,5
gengiva,45282,7
arder,45282,7
lampejo,45259,6
capacho,45255,5
hostil,45282,7
torcida,45314,7
vaias,45314,7
eis,45282,7
transtornos,45282,7
haja,45282,7
lamentáveis,45282,7
disseminariam,45254,4
investida,45313,7
postos,45282,7
fintas,45259,6
manobra,45282,7
artimanha,45313,7
besteira,45282,7
aprumado,45257,4
avista,45272,6
novato,45306,7
torcendo,45306,7
pula,45283,7
rumo,45306,7
placar,45306,7
alcoólatra,45306,7
atirar,45314,7
metralhadoras,45313,7
compareceu,45314,7
de fraque,45306,7
mordomo,45306,7
vermute,45306,7
pecado,45306,7
diabo,45312,7
poço,45306,7
disponha-se,45306,7
pirado,45256,6
internou,45282,7
infusões,45306,7
leito,45282,7
quartinho,45255,5
lanchonetes,45306,7
porões,45306,7
enfisema,45306,7
disseminar,45313,7
credo,45306,7
dívida,45306,7
disposofobia,45306,7
jogos de azar,45306,7
um tanto,45306,7
insólito,45255,5
opinar,45306,7
farmacologia,45306,7
endossam,45306,7
inventário,45306,7
embriaguez,45306,7
fuga,45255,5
catarse,45306,7
um porre,45306,7
brindar,45306,7
extravasar,45255,5
recaída,45306,7
condiz,45257,4
dar o bote,45253,6
birras,45284,7
roerar,45283,7
coçavam,45257,4
constrangida,45258,4
em punhos,45282,7
esmalte,45283,7
polegar,45282,7
saliências,45314,7
pontuda,45306,7
entediada,45282,7
completude,45282,7
esboço,45282,7
tédio,45282,7
confusa,45282,7
charlatanices,45282,7
apaixonar,45282,7
conviver,45282,7
locutores,45282,7
potência,45255,5
surra,45254,3
estragando,45283,7
corda bamba,45283,7
carvalho,45284,7
desbotadas,45313,7
descolados,45311,7
pança,45284,7
palanque,45306,7
rodada,45283,7
para-brisa,45283,7
buscar,45283,7
cheirar uma carreira*,45283,7
fissura,45283,7
semáforo,45285,7
porrada,45252,1
bobagem,45283,7
falha,45283,7
vasculavam,45315,7
dados,45283,7
cética,45283,7
carimbadas,45284,7
capelão,45283,7
enterro,45283,7
surtir,45284,7
eu meio que,45283,7
faísca,45255,5
íntimo,45283,7
cônjuges,45283,7
factível,45284,7
vacilar,45315,7
derrubada,45306,7
apoderar,45259,4
alterar,45284,7
empataram,45278,6
frestas,45257,4
surge,45255,5
papo,45285,7
enxame,45255,5
embalagem,45284,7
rebites,45285,7
resmungar,45284,7
lucros,45284,7
apreensão,45257,4
risca de giz,45284,7
digno,45284,7
previsível,45284,7
fervor,45308,7
coopetiçao,45285,7
apavorante,45255,5
saguão,45257,4
zumbido,45285,7
baboseiras,45285,7
âmbito,45257,4
atropelaram,45285,7
usinas,45285,7
desmanchando,45285,7
alastrarar,45285,7
cadeia,45285,7
angulare,45285,7
alavanca,45285,7
o ensino,45255,5
formulário,45252,6
escalão,45285,7
galgavar,45306,7
uma leva,45306,7
arrastar,45285,7
verba,45306,7
órgão,45306,7
fogeutes,45311,7
palmas,45306,7
norma,45257,4
celulose,45306,7
precária,45306,7
empenho,45306,7
impor,45306,7
fundido,45278,6
ilesos,45306,7
fundição,45306,7
receosos,45306,7
cogitados,45257,4
opondo,45306,7
medições,45272,6
desandando,45311,7
parapeito,45306,7
denunciou,45306,7
medonha,45306,7
rodovia,45272,6
relatório,45311,7
destacou,45257,4
despertar,45257,4
respingava,45306,7
despesa,45254,4
hiato,45257,4
moletom,45257,4
prova,45259,4
tornozelos,45311,7
espremer,45315,7
maiô,45306,7
emotivo,45306,7
precoce,45306,7
rastro,45254,6
tona,45306,7
revogar,45311,7
assédio,45311,7
arrecadação,45262,6
pulinhos,45257,4
virada,45311,7
desvio,45262,6
deslizou,45306,7
extrusão,45306,7
mureta,45314,7
entalado,45255,5
dobradica,45306,7
catorze,45306,7
soturno,45254,3
ceticismo,45306,7
abalado,45255,5
grades,45306,7
redigida,45272,6
receio,45272,6
consertos,45314,7
deu o bote,45306,7
grudaram,45311,7
retratar,45257,4
revestimento,45306,7
depósito,45258,4
deparou,45255,4
fomentar,45272,6
arrefecer,45254,3
providência,45311,7
freira,45307,7
tecia,45272,6
elogios,45258,4
cumprimento,45258,4
leis,45307,7
parceria,45307,7
valises,45255,4
pontuações,45307,7
afinco,45311,7
caserna,45254,3
triturar,45254,3
prestação,45253,2
renunciar,45255,5
direitorias,45253,2
abrangentes,45253,4
alicerce,45255,3
contador,45307,7
beco,45258,4
deslocamentos,45307,7
obrigara,45258,4
um barato,45307,7
presa por porte,45307,7
verniz,45307,7
loja de penhores,45307,7
isqueiro,45258,4
cotonetes,45307,7
porão,45272,6
indiciado,45312,7
delagacia,45307,7
mesmo demais,45307,7
expediente,45253,2
o tranco,45255,3
aposentadoria,45307,7
avental,45307,7
escudo,45255,5
letárgico,45307,7
rabanetes,45307,7
adiar,45272,6
verbas,45272,6
escassas,45272,6
doutorandos,45307,7
saqueava,45258,4
empanturrava,45262,6
sininho,45314,7
paraíso,45307,7
penando,45259,6
devolveu,45253,2
estimativa,45258,4
sino,45259,6
esgotada,45307,7
sobra,45258,4
extraconjugais,45307,7
halteres,45308,7
esquadrinhar,45255,3
sedentários,45307,7
assumidos,45307,7
maçante,45255,5
craque,45314,7
carecer,45314,7
sugado,45307,7
demissão,45314,7
assoberbante,45312,7
brilho,45307,7
ramo,45307,7
escolarizados,45307,7
balconistas,45307,7
penoso,45314,7
serrar,45307,7
entoper,45315,7
coágulos,45314,7
faltar,45315,7
rédeas,45255,5
no verso,45315,7
marcante,45252,1
logo de cara,45315,7
doloroso,45315,7
deparar,45315,7
dietas,45315,7
viram que,45315,7
sobrecarregar,45315,7
frouxos,45315,7
encenar,45315,7
críticas,45315,7
paparicado,45315,7
tributários,45315,7
demitido,45315,7
desnorteado,45315,7
conjunto,45315,7
habitacional,45315,7
fralda,45315,7
encomendar,45252,1
coadores,45315,7
descomunal,45252,1
bombeiro,45315,7
reconquistar,45315,7
penar,45259,6
sobrando,45315,7
rispidez,45315,7
péssimos,45315,7
brusca,45315,7
engrenagens,45315,7
montagem,45315,7
mercadorias,45254,6
pronto-socorro,45312,7
roubados,45312,7
intransponível,45308,7
entubação,45312,7
despontar,45254,4
salpicada,45315,7
hepáticas,45312,7
cabeceava,45312,7
tombo,45255,3
cindido,45255,5
inimizades,45312,7
descartável,45312,7
amídalas,45312,7
estraçalhar,45255,5
sussurrado,45272,6
plantão,45315,7
folheou,45307,7
rubricou,45315,7
raspou,45315,7
couro cabeloudo,45307,7
broca,45307,7
xarope,45307,7
furada,45307,7
um acordo,45307,7
afugentar,45255,5
pântanos,45262,6
reflexo,45315,7
confecção,45258,4
desfiles,45315,7
terremotos,45307,7
selva,45315,7
tréguas,45258,4
idílico,45307,7
escaramuças,45307,7
solapar,45255,5
reprimenda,45315,7
constar,45254,4
esgoter,45315,7
atacadistas,45315,7
costureiros,45307,7
atolar,45255,5
incômoda (adj.),45255,5
justiça,45272,6
déspota,45307,7
chilique,45315,7
subalterno,45315,7
enfiar,45254,6
cavernoso,45307,7
suntuoso,45252,6
movimentada,45252,6
ripa,45272,6
borracha,45255,5
sinalização,45252,6
aderer,45307,7
clarão,45253,6
névoa,45255,5
engarrafamento,45252,6
repentino,45252,6
ferroviárias,45252,6
rente,45253,6
superaquecido,45252,6
impeler,45307,7
jorro,45253,6
fole,45255,5
encrespar,45254,4
amontoada,45272,6
bolhas,45307,7
lufada,45272,6
rugiam,45252,6
pólvora,45272,6
ladrilhos,45255,4
transeunte,45253,6
cambelar,45255,6
em brasa,45252,6
mangueira,45272,6
canos,45252,6
intrometer,45252,6
percalços,45254,4
sobrepor,45253,6
ameacer,45307,7
atolado,45262,5
retraçada,45262,5
desgovernada,45253,6
multa,45252,6
fendido,45272,6
emboscando,45272,6
recear,45307,7
credencial,45307,7
alvo,45307,7
bode expiatório,45252,6
bóton,45252,6
sacudida,45259,6
realçar,45254,6
rondas,45307,7
pista de descolagem,45252,6
de propósito,45307,7
mediático,45252,6
duzentos,45252,6
mordazes,45255,5
esmagadora,45253,6
sábio,45253,6
enxergar,45307,7
enfermagem,45253,6
foguetes,45307,7
esmiuçando,45254,6
eletroelectrônicos,45253,6
rastrear,45253,6
talheres,45258,4
carregar pilhas,45253,6
romances,45253,6
rentável,45253,6
umedecidos,45259,6
mamadeiras,45253,6
papinha,45255,4
adivinho,45253,6
prateleira,45307,7
constatação,45259,6
peraí,45253,6
careca,45272,6
picolés,45254,6
gramado,45253,6
aparar,45254,6
rastelos,45254,6
assobiar,45255,5
esperta,45307,7
desvendar,45259,6
metralhar,45253,6
soberano,45262,5
reviravolta,45254,6
berço,45254,6
macacões,45255,5
proveito,45252,4
mantimentos,45255,6
alas,45254,6
revelação das fotos,45258,4
superá,45272,6
parto,45254,6
contenção,45262,6
consenso,45307,7
ostentar,45254,6
ensopado,45254,6
açougueiro,45255,6
piegas,45255,5
relutar,45254,6
aderiu,45272,6
teor,45254,6
emblema,45269,7
torta,45272,6
bandeja,45255,6
picar,45254,6
repolho,45255,6
rins,45255,6
tripas,45255,5
aviltar,45253,3
costela,45254,6
sobravam,45254,6
alcatra,45254,6
miúdos,45254,6
munição,45254,6
carentes,45272,6
minguar,45272,6
costeletas,45255,6
inusitado,45262,6
depararam,45307,7
apito,45262,5
evitar,45307,7
cacafonia,45255,5
avassaladora,45272,6
tálamo,45255,6
bem-acabada,45255,6
sintonizado,45255,6
insossas,45256,6
desprovida,45262,5
muito embora,45256,6
batida,45255,6
consagrados,45307,7
grude,45272,6
realçando,45257,6
grudentas,45255,6
charadas,45307,7
parafuso,45255,6
desprezado,45252,4
bailes,45262,6
pegada,45255,5
divulgação,45262,6
gravadora,45307,7
represália,45258,4
mal-estar,45255,6
atônito,45257,6
lencinho,45255,4
hidratantes,45256,6
previsão,45255,4
pontuação,45307,7
peneirando,45272,6
panteão,45256,6
mala,45307,7
eis aqui,45307,7
alimentícios,45307,7
gabar,45307,7
mala direta,45256,6
filiais,45257,6
embrulhar,45259,6
meio-fio,45262,5
costureira,45258,4
uma guinada,45257,6
embate,45257,6
aleijarar,45255,4
manifestação,45307,7
vingar,45256,6
amizade,45307,7
perdurar,45259,6
preenchida,45256,6
rebeldia,45256,6
retrucar,45257,6
tiro,45259,6
veredito,45256,6
promulgado,45252,3
inserida,45256,6
empreender,45257,6
apatia,45256,6
tricotar,45275,6
debutantes,45256,6
fiança,45257,6
bainha,45257,6
judicialmente,45273,6
embutido,45257,6
empenhar,45259,6
elos,45259,6
esbarrar,45262,5
ultraje,45257,6
vizinhança,45308,7
justiceiros,45259,6
ensaio,45308,7
sulista,45257,6
tanto,45308,7
caronas,45257,6
busque,45259,6
necessitados,45259,6
grêmio,45257,6
desembestou,45255,4
endosso,45257,6
constrangedor,45257,4
em prol,45257,6
faróis,45259,6
carroça,45255,5
apinhado,45308,7
zelar,45257,6
fiscalizar,45272,6
indenizar,45257,6
apuração,45262,5
vistoria,45253,3
taxista,45257,6
desperta,45308,7
enfraquecendo,45257,6
xeque,45257,6
conferir,45259,6
seminarista,45257,6
culto,45308,7
manchete,45259,6
multidões,45308,7
vivenciar,45259,6
digerível,45257,6
paroquiano,45257,6
a posse,45257,6
tonto,45259,6
desmanchar,45259,6
de pleno porte,45253,4
acometido,45255,4
sediassem,45272,6
pulsões,45259,6
cola,45308,7
fiéis,45259,6
semelhança,45259,6
dízimo,45259,6
assediar,45259,6
estilhaçada,45259,6
estragos,45262,5
eclodir,45262,6
brada,45255,4
amaldiçoam,45272,6
desprezo,45262,6
remetiar,45272,6
contendas,45272,6
reveses,45259,6
expurgar,45259,6
face,45259,6
evangelizando,45275,6
deter,45308,7
testemunhar,45308,7
recorrer,45272,6
revidar,45255,5
esteio,45262,5
fincar,45272,6
estopim,45259,6
embutir,45259,6
capitulação,45262,6
agredidos,45259,6
valentes,45259,6
conclamada,45272,6
desfecho,45255,4
desolada,45272,6
alvorada,45262,6
agrimensor,45272,6
flutuante,45259,6
cabulando aula,45259,6
caminhoneiro,45259,6
avareza,45272,6
iniquidade,45259,6
perversidade,45262,6
males,45259,6
usuários,45259,6
ressentida,45259,6
retângulo,45259,6
cartolina,45277,6
empréstimo,45262,6
entorpecida,45272,6
atenuar,45259,6
escárnio,45262,6
van,45259,6
appostando corrida,45259,6
lã,45259,6
cutucar,45272,6
prantos,45252,4
ter acessos,45262,6
carinho,45259,6
procuradore,45262,6
réus,45275,6
sobrepujar,45275,6
padecer,45262,6
benigno,45310,7
lancha,45259,6
serra elétrica,45310,7
serra,45259,6
esquivar-se,45262,6
suplantá-lo,45259,6
enredos,45255,4
fugindo,45259,6
estuprar,45262,6
socou,45262,6
despiar,45252,3
arcar,45262,6
promotore,45272,6
depôs,45252,4
réu,45310,7
dispensado,45272,6
ética,45262,6
pavloviano,45310,7
velório,45277,6
conquistar,45255,5
desespero,45310,7
fingisse,45310,7
patalógico,45253,3
raspadinha,45256,4
atordoada,45254,4
compadecer,45272,6
viúvo,45262,6
falida,45262,6
gatilhos emocionais,45262,6
semiótica,45272,6
instaurar,45256,4
surto,45255,4
equivocadamente,45255,4
ladrão,45262,6
engano,45262,6
amistoso,45255,4
distraidamente,45253,3
sala de redação,45272,6
disseminada,45311,7
transborda,45262,6
desleixo,45272,6
alargar,45272,6
indignado,45255,4
engraxate,45272,6
picolé,45311,7
pedreiro,45255,4
lenha,45255,5
gorgetas,45272,6
exemplar,45255,4
legou,45255,4
evangelho,45255,4
pregação,45255,5
severo,45313,7
inquiridores,45255,5
grifar,45273,6
sereníssimo,45272,6
venerável,45313,7
concretização,45272,6
fantasma,45313,7
descuidado,45313,7
inabalável,45256,4
provém,45273,6
provar,45255,5
render,45273,6
clérigo,45313,7
assegurou,45255,5
alfaiate,45273,6
cobaia,45273,6
propaganda,45313,7
roubaram,45313,7
angariar,45255,5
doado,45313,7
escolaridade,45273,6
sócio,45313,7
ovacionado,45256,4
império,45273,6
consertar,45313,7
orador,45313,7
ampliado,45275,6
ultrapasada,45273,6
desatualizada,45273,6
transmutação,45313,7
depunha,45273,6
de que adianta,45256,4
canina,45313,7
solo,45273,6
pá,45273,6
maquinário,45256,4
alarde,45256,4
vagão,45314,7
despachado,45253,4
mineração,45314,7
perfuração,45255,5
atuação,45255,5
ingressou,45256,4
trapaceiro,45273,6
astúcia,45273,6
empreendedor,45314,7
reprovar,45273,6
vela de ignição,45314,7
diametralmente,45314,7
centavo,45273,6
moer,45273,6
trigo,45273,6
moinho,45273,6
arrendatários,45273,6
colono,45273,6
mansamente,45273,6
recuou,45273,6
manso,45273,6
refez,45273,6
assinalou,45273,6
repentinamente,45314,7
não interessa,45314,7
estupenda,45273,6
possuir,45314,7
ressaltar,45255,5
proféticos,45314,7
enfatizei,45314,7
aérea,45273,6
palestrante,45273,6
bacharelado,45256,4
mendingo,45273,6
ferrovia,45314,7
um empreitada,45273,6
desanimador,45273,6
respaldar,45256,4
aço,45273,6
humilde,45273,6
carimbo,45255,5
subjacente,45273,6
cota,45273,6
divulgar,45315,7
preguiça,45315,7
aliado,45273,6
contos,45273,6
proscrito,45273,6
ficha policial,45273,6
vigarista,45273,6
incorrigível,45255,5
emendou,45273,6
valas,45255,5
automatizados,45315,7
véspera,45273,6
seringa,45315,7
aclamada,45315,7
bomba (not bomb),45315,7
aprimorado,45254,4
cadeirante,45273,6
galpões,45273,6
recantos,45256,4
potável,45273,6
carruagem,45273,6
régua,45273,6
astuto,45273,6
sigilo,45273,6
ligeiramente,45273,6
fonógrafo,45252,6
comprimindo,45255,5
beirada,45256,4
mastoide,45273,6
enredo,45252,6
bondade,45273,6
esforçado,45273,6
sapateiro,45252,6
emprestados,45273,6
empreitada,45273,6
acaloradas,45273,6
noticiada,45273,6
desajeitada,45255,5
assume,45273,6
adoeceu,45273,6
cochichou,45273,6
piedade,45273,6
respaldado,45277,6
alçar,45273,6
sepulturas,45273,6
por intermédio,45313,7
embrulha,45255,5
se fundem,45255,5
passíveis,45255,5
a seguir,45256,4
a menos que,45273,6
junguiana,45273,6
paladar,45273,6
tato,45273,6
porção,45313,7
fadada,45256,4
trapaça,45255,5
devidamente,45254,4
descarte,45255,5
afeitar,45313,7
prestativo,45255,5
navegador,45273,6
incentive,45273,6
simpatia,45313,7
milhões,45313,7
sintonia,45277,6
parente,45273,6
passivos,45273,6
ciúme,45273,6
afundam,45273,6
angústia,45273,6
ousa,45313,7
superado,45313,7
amparou,45252,2
cortesia,45252,2
ferrovias,45255,5
redação,45255,5
prevenir,45255,5
engomadas,45254,4
pompa,45273,6
convinha,45273,6
anfitriões,45273,6
contida,45273,6
transbordado,45273,6
epigramas,45255,5
entremeado,45273,6
engrandecimento,45255,5
arame,45262,5
uísque,45255,6
truste,45273,6
concorrência,45255,6
incendiário,45255,5
santarrão,45262,5
arrojada,45273,6
empreendimentos,45273,6
imobiliários,45273,6
siderúrgica,45273,6
carvão,45273,6
fabricação,45273,6
expulsar,45273,6
ousadas,45273,6
duplicar,45256,6
aros,45273,6
lâminas,45273,6
botar,45273,6
ameixas,45256,6
conglomerado,45273,6
arrecadar,45253,4
miopia,45256,4
clamava,45273,6
róseas,45273,6
cotações,45273,6
recatado,45253,4
palco,45256,6
firmamento,45256,6
contraída,45256,6
trama,45256,4
punho,45273,6
um estudioso,45273,6
cavaleiro,45273,6
desdenhava,45273,6
ganância,45256,6
charco,45273,6
charco gelado,45273,6
entrouxado,45255,3
suéteres,45273,6
a dupla,45273,6
comoção,45273,6
o capaz,45273,6
os ativos,45273,6
montante,45256,4
trilhado,45273,6
um gênero próprio,45273,6
desistente,45273,6
sentidos,45273,6
safras,45273,6
ao negligenciá-los,45273,6
trapacear,45273,6
prestando,45255,5
mercadoria,45273,6
postergar,45262,5
desuso,45262,5
boates,45273,6
turné,45262,5
maneiras,45256,6
gama,45255,5
prestar,45273,6
descortinar,45275,6
ao pé de letra,45257,6
elo,45257,6
injúria,45253,4
processou,45274,6
entupir,45274,6
reconhecidamente,45274,6
promissor,45252,2
neguer,45274,6
tendencioso,45274,6
cobrança,45257,6
desacreditada,45274,6
matricular,45274,6
prontidão,45257,6
rendimentos,45274,6
armazém,45255,5
livro-caixa,45274,6
frota,45262,5
propício,45252,3
antever,45274,6
adiantamento,45257,4
atuarar,45275,6
trás,45274,6
redatora,45262,5
escrituração,45274,6
atever,45253,3
instigada,45274,6
datilografada,45274,6
concorrentes,45274,6
falecido,45266,5
função,45274,6
estabelecida,45274,6
ímpeto,45274,6
leal,45274,6
base,45274,6
brutas,45274,6
franquias,45274,6
mala direita,45274,6
fiador,45278,6
galpão,45274,6
içar,45274,6
oficina,45274,6
finita,45274,6
sintonizar,45274,6
lielões,45274,6
nebuloso,45274,6
efêmero,45274,6
mediante,45274,6
brando,45274,6
acesa,45255,5
chaleira,45257,4
regatear,45274,6
o resgate,45274,6
jorrar,45274,6
estabelecimento,45274,6
rezava,45274,6
imprecisão,45274,6
biblioteconomia,45274,6
mater,45274,6
bilheteria,45274,6
hinário,45274,6
carrapicho,45274,6
lupa,45274,6
gancho,45257,4
alpinista,45274,6
mercaria,45274,6
faro,45274,6
fúcsia,45274,6
relacionar,45274,6
brechas,45254,4
desapontamento,45274,6
erroneamente,45274,6
inerte,45274,6
leme,45262,5
quesitos,45274,6
domínio,45274,6
acatar,45254,4
esfera,45274,6
suplentes,45255,5
desdobrar,45255,5
intemperança,45274,6
ostentação,45274,6
almirante,45274,6
corrículos,45257,4
se destacar,45274,6
ultrapassada,45274,6
assalariadas,45274,6
com capricho,45274,6
resumo,45274,6
aborrecimento,45253,4
redatores,45274,6
frases feitas,45274,6
dardos,45274,6
decorrente,45253,3
artesão,45274,6
público,45274,6
barganha,45274,6
repassado,45255,5
prejudicado,45274,6
fogões,45274,6
fornalha,45274,6
vidraças,45274,6
carranca,45255,5
carrancudos,45255,5
assegurar,45277,6
batalhador,45278,6
doador,45277,6
inútil,45274,6
duna,45274,6
tentar para valer,45277,6
corrigida,45274,6
se dispor,45277,6
autodidatas,45277,6
torto,45262,5
progride,45255,5
cobrassem,45274,6
saldo,45277,6
velhice,45274,6
preconceito,45277,6
pau,45274,6
o-pau-para-toda-obra,45274,6
vaidade,45252,3
nomeie,45277,6
justos,45255,5
comércio,45252,3
dissipar,45259,6
extensa,45259,6
goza,45258,4
moradia,45252,3
imundo,45275,6
desbravar,45255,5
esclarecimento,45259,6
toranja,45275,6
engenhosidade,45277,6
ganancioso,45262,6
acesso,45262,6
nocivo,45253,3
negligencie,45277,6
prossigar,45255,5
amealhar,45254,4
presunção,45262,6
obstinado,45262,6
teimosia,45277,6
lentidão,45278,6
exponha,45254,4
lembrete,45277,6
desmentir,45278,6
á force,45273,6
gritando,45256,4
adjetivos,45273,6
proeminentes,45256,4
intimar,45253,3
agilizar,45253,3
suborno,45256,5
submeter,45273,6
cumplicidade,45253,4
critério,45278,6
enforcado,45278,6
pazes,45278,6
cáustica,45278,6
perdão,45278,6
súditos,45256,5
flagrante,45273,6
irado,45278,6
alvoroço,45253,4
solene,45278,6
devastar,45273,6
reinado,45278,6
calculista,45273,6
seriedade,45273,6
ânsia,45255,4
consciência,45273,6
aprovado,45256,5
castigo,45256,5
aspirantes,45256,4
superação,45255,4
obra-prima,45256,5
encrenquiero,45255,4
montanhês,45255,4
penúria,45256,5
audaciosa,45273,6
empurrãozinho,45256,5
surgido,45256,5
amparar,45256,5
irremediavelmente,45256,5
endividado,45256,5
me foi imposto,45256,5
aptidão,45255,4
lecionar,45256,5
presencial,45256,5
matriculados,45273,6
deboche,45256,4
alfinetadas,45256,4
detento,45256,5
sobreveio,45256,5
maré,45256,5
penitenciária,45273,6
estimula,45256,5
álibis,45256,5
autocomplacência,45255,4
eximir,45255,4
atalho,45273,6
elevado,45256,5
prestasse,45256,5
nasce morta,45256,5
sopro,45255,4
um cara ou coroa,45273,6
duende,45256,5
vago,45273,6
desânimo,45255,4
davam rasteira,45256,5
despojado,45252,3
mundanos,45256,5
banimento,45256,5
ditador,45256,5
parentesco,45256,5
encruzilhada,45255,4
insalubre,45256,5
vicárias,45256,4
seitas,45256,5
antagônicas,45256,4
embebedou,45256,5
reteve,45253,3
perspicaz,45256,5
vagar,45256,5
dom,45256,5
o Islã,45273,6
pátio,45256,5
soberania,45262,5
foi morta,45256,5
muçulmano,45256,5
aprendizagem,45273,6
motriz,45256,5
abrangente,45255,4
enquadrar,45256,5
bancado,45256,5
bancado o advogado do diabo,45256,5
reunido-se,45256,5
encabeçada,45256,5
seguradora,45256,5
amante,45256,5
tema,45273,6
estética,45255,4
canalizada,45256,5
perseguidas,45273,6
inato,45273,6
calvo,45255,4
curvilínea,45273,6
torneadas,45255,3
encantadora,45273,6
vínculo,45255,4
amplamente,45256,5
exílio,45273,6
grandeza,45256,5
dotadas,45253,2
sotterados,45256,5
gravação em cobre,45256,5
divulgado,45256,5
sintetizada,45256,5
acabada,45273,6
presságio,45262,5
correlacionados,45273,6
simbólico,45273,6
cobre,45256,5
corvo,45273,6
ecaldado,45256,5
semeia,45273,6
caprichoso,45262,5
genialidade,45256,4
reprimida,45273,6
ociosa,45253,4
fluxo,45273,6
fermento,45253,4
massa de pão,45262,5
acentua,45273,6
invertido,45273,6
desaconselhado,45253,4
afirmação,45273,6
lapidar,45262,5
um outdoor,45262,5
prece,45253,4
recuperar,45262,5
alto-falante,45262,5
recapitulação,45273,6
puxão,45256,4
depreciar,45273,6
envolta,45253,3
subordinado,45262,5
intrincado,45273,6
quadro de distribuição,45262,5
valore,45262,5
liberar,45262,5
escaneamento,45262,5
prazerosos,45273,6
renome,45262,5
quântica,45262,5
mexê-los,45262,5
pressentimento,45262,5
crachá,45262,5
atrás,45256,4
resumir,45262,5
perceptivo,45253,4
ao quadrado,45262,5
lê,45273,6
psíquico,45273,6
aliança,45273,6
anel,45273,6
egoísmo,45262,5
exigência,45253,4
ápice,45262,5
bolotas,45253,4
declive,45262,5
destinada,45262,5
incumbir,45253,3
munido,45262,5
solicitar,45262,5
cacto,45273,6
espinhos,45262,5
hastes,45253,4
viés,45253,4
eficácia,45254,4
arrancar,45252,4
semblante,45254,4
se entregar,45263,5
grandiosidade,45274,6
acanhado,45253,4
comumente,45274,6
pano de fundo,45254,4
coragem,45274,6
propor,45274,6
mina,45274,6
impossibilita,45266,5
predar,45266,5
avaros,45252,3
herdada,45263,5
demandante,45263,5
chicoteadas,45263,5
encobrir,45263,5
franzir,45274,6
o cenho,45254,4
nervosismo,45274,6
rosquinha,45254,4
negociar,45274,6
opulência,45274,6
polêmico,45255,4
concha,45263,5
tesouros,45263,5
encostado,45254,3
no mesmo aperto,45254,4
maltrapilhas,45254,4
cismar,45254,3
bugigangas,45263,5
vitrines,45257,4
delataria,45254,4
uma vara,45263,5
acanhamento,45275,6
acarretar,45257,4
temida,45263,5
vítima,45275,6
convém,45258,4
levar,45258,4
vingam,45263,5
modas,45263,5
ismos,45275,6
sobrevenha,45263,5
hipocondríaco,45263,5
jazigo,45257,4
neurose,45276,6
estrago,45253,4
divertida,45276,6
asilo,45276,6
impróprias,45276,6
imputadas,45276,6
fanatismo,45276,6
pagãos,45276,6
ardiloso,45254,4
ingresso,45253,4
salvo-conduto,45252,3
enxofre,45277,6
trevas,45254,4
pacífico,45277,6
emocionante,45252,4
apropriado,45278,6
autoconfiança,45753,10
impotente,45253,3
prontamente,45253,3
bocado,45253,4
descuidar,45253,4
à deriva,45253,4
trata-se de,45257,4
emboscar,45253,4
resfriados,45253,4
incômodos,45254,4
minuciosamente,45253,4
o superam,45278,6
bacana,45278,6
importuna,45254,4
fraqueza,45278,6
via de regra,45252,4
advertir,45259,5
graduações,45259,4
lisonjear,45259,4
desdém,45259,5
me impor,45258,4
gordo,45259,5
o que tem que ser será,45258,4
vil,45259,5
vergonhosa,45259,5
feiura,45253,2
despedir,45259,4
ao me despedir,45253,2
relação,45259,5
dedicatória,45259,5
ao cabo,45253,3
cá,45258,4
mais lato,45259,4
como se deu,45252,3
bala,45259,4
essência,45260,5
causou,45260,5
predizir,45259,4
exposta,45260,5
comprovadamente,45252,3
retrospectiva,45260,5
trincheiras,45260,5
embasada,45259,4
exercidos,45260,5
leiaute,45260,5
gravuras,45259,4
oportuno,45252,3
heterogêneos,45259,4
corriqueiros,45252,1
mesclam,45259,4
alcatrão,45260,5
projeto de sistemas,45259,4
descartar,45260,5
incubando,45260,5
piche,45259,4
afloravam,45253,3
farol,45252,3
desvencilhar,45255,3
habilidoso,45260,5
pata,45252,3
esmo,45255,3
depurado,45260,5
porta-lápis,45260,5
argila,45260,5
fliperama,45252,3
fascinto,45259,4
meio,45259,4
deslocado,45260,5
polir,45259,4
acalentados,45253,3
deleita,45259,4
estertor,45255,3
falaciosamente,45259,4
feitiçaria,45259,4
fadas,45259,4
sutileza,45259,4
remessa,45255,3
desembasada,45252,3
calejar,45252,3
tenebrosa,45260,5
ingênua,45252,3
averiguar,45253,3
escriturário,45259,4
matança,45259,4
esfaqueando,45252,3
prove,45259,4
tempo integral,45259,4
requisitos,45260,5
adequação,45252,3
á medida que,45252,3
meandros,45253,3
traiçoeira,45254,3
desejado,45260,5
uno animo,45259,4
contornado,45252,1
todavia,45259,4
aridez,45252,3
doutrina,45252,3
zênite,45261,5
modismos,45252,3
transepto,45252,3
normando,45252,3
imponente,45255,3
abnegados,45253,3
advir,45253,3
anômala,45252,3
melhorias,45261,5
plebeus,45252,3
facilidade,45261,5
instalação,45261,5
razão,45261,5
equívoco,45252,2
idiomática,45261,5
refiro-me,45252,2
dar corda,45252,2
relógio de pulso,45262,5
pulso,45262,5
multiplexado,45262,5
burros (adj.),45262,5
sequestrado,45254,3
inédito,45253,2
durar,45262,5
aforismo,45262,5
libertadora,45253,3
cantata,45254,3
consertando,45254,3
focar,45263,5
recordar,45254,3
colocações,45263,5
sereia,45263,5
comprimir,45254,3
empacotamento,45263,5
um amontoado,45254,3
simpática,45255,3
geradora,45263,5
requintes,45255,3
embasar,45263,5
particulare,45254,3
superprojetar,45255,3
enfeites,45255,3
mostruário,45254,3
contidos,45263,5
engenhoso,45263,5
esbanjador,45253,2
projetistas,45264,5
esticada,45264,5
embelezamento,45255,3
fazer a carga,45255,3
núcleo de memória,45255,3
patinador,45253,2
premissa,45265,5
obtenção,45252,2
de lote,45265,5
vivacidade,45265,5
prosa,45265,5
carajo,45252,2
tubulações,45252,2
vazar,45252,2
lacra,45252,1
adágio,45252,2
cronômetros,45252,2
efetivação,45252,2
passagem,45252,2
preside,45252,2
propiciar,45265,5
fecundidade,45252,2
nivelar,45252,2
rascunhada,45252,2
congelamento,45265,5
outono,45265,5
cacife,45252,1
no confronto,45252,2
quão,45265,5
pronunciamentos,45253,2
que independe,45252,2
impiedosa,45253,2
tijolos,45253,2
betume,45252,2
argamassa,45252,2
disperso,45253,2
ainda que,45252,2
ingenuamente,45252,2
plenitude,45252,2
alvenaria,45252,1
no decorrer,45253,2
gradativamente,45252,2
trincheira,45252,2
pesada,45266,5
já que é,45266,5
já que é assim,45266,5
diário de bordo,45266,5
além do mais,45252,1
restringir,45266,5
estrutura em árvore,45266,5
desordenadamente,45266,5
ou seja,45252,1
em um fichário,45252,1
destinatário,45252,1
transcorrido,45252,1
matricial,45252,1
maldita,45252,1
abater,45252,1
escrivão,45252,1
manda-chuva,45252,1
espectro,45252,1
camponês,45252,1